buoy_id,name,lat,lon,time,obs_hs,obs_tp,obs_dir,mod_hs,mod_tp,mod_dir
6101035,Boa Sardegna (Météo-France),40.49,6.72,2026-09-26T03:00:00Z,1.0,0.0,55,0.78,4.45,342
6101035,Boa Sardegna (Météo-France),40.49,6.72,2026-09-26T04:00:00Z,1.1,0.0,42,0.78,4.45,350
6101035,Boa Sardegna (Météo-France),40.49,6.72,2026-09-26T05:00:00Z,1.0,2.0,41,0.78,4.45,357
6101035,Boa Sardegna (Météo-France),40.49,6.72,2026-09-26T08:00:00Z,0.8,1.0,62,0.74,4.45,15
6101031,Boa Ajaccio,41.75,7.58,2026-09-26T11:00:00Z,0.9,0.0,52,0.78,4.1,43
6101031,Boa Ajaccio,41.75,7.58,2026-09-26T12:00:00Z,0.9,0.0,43,0.78,4.05,42
6101032,Boa Vecchio,41.6,10.19,2026-09-26T12:00:00Z,0.9,1.0,43,0.86,4.3,51
6101031,Boa Ajaccio,41.75,7.58,2026-09-26T14:00:00Z,0.9,0.0,44,0.76,4.0,40
6101032,Boa Vecchio,41.6,10.19,2026-09-26T14:00:00Z,0.9,1.0,58,0.76,4.3,62
6101035,Boa Sardegna (Météo-France),40.49,6.72,2026-09-26T14:00:00Z,0.8,1.0,66,0.58,4.3,24
6101031,Boa Ajaccio,41.75,7.58,2026-09-26T15:00:00Z,0.9,0.0,37,0.74,4.0,39
6101032,Boa Vecchio,41.6,10.19,2026-09-26T15:00:00Z,0.9,2.0,59,0.72,4.35,67
6101031,Boa Ajaccio,41.75,7.58,2026-09-26T16:00:00Z,0.9,0.0,34,0.74,4.05,39
6101032,Boa Vecchio,41.6,10.19,2026-09-26T16:00:00Z,0.8,2.0,76,0.72,4.5,73
6101035,Boa Sardegna (Météo-France),40.49,6.72,2026-09-26T16:00:00Z,0.8,0.0,65,0.54,4.2,25
6101031,Boa Ajaccio,41.75,7.58,2026-09-26T17:00:00Z,0.8,0.0,33,0.72,4.05,38
6101032,Boa Vecchio,41.6,10.19,2026-09-26T17:00:00Z,0.7,2.0,89,0.7,4.7,80
6101035,Boa Sardegna (Météo-France),40.49,6.72,2026-09-26T17:00:00Z,0.6,1.0,71,0.5,4.2,26
6101031,Boa Ajaccio,41.75,7.58,2026-09-26T18:00:00Z,0.8,0.0,33,0.72,4.1,38
6101032,Boa Vecchio,41.6,10.19,2026-09-26T18:00:00Z,0.7,1.0,92,0.7,4.85,86
6101031,Boa Ajaccio,41.75,7.58,2026-09-26T20:00:00Z,0.8,0.0,43,0.66,4.1,42
6101032,Boa Vecchio,41.6,10.19,2026-09-26T20:00:00Z,0.6,2.0,105,0.66,5.1,95
6101035,Boa Sardegna (Météo-France),40.49,6.72,2026-09-26T20:00:00Z,0.5,1.0,49,0.48,4.15,28
6101031,Boa Ajaccio,41.75,7.58,2026-09-26T21:00:00Z,0.7,0.0,44,0.64,4.1,44
6101032,Boa Vecchio,41.6,10.19,2026-09-26T21:00:00Z,0.6,2.0,103,0.64,5.2,100
6101031,Boa Ajaccio,41.75,7.58,2026-09-26T23:00:00Z,0.6,0.0,41,0.56,4.05,49
6101032,Boa Vecchio,41.6,10.19,2026-09-26T23:00:00Z,0.6,2.0,113,0.6,5.25,105
6101035,Boa Sardegna (Météo-France),40.49,6.72,2026-09-26T23:00:00Z,0.7,1.0,40,0.5,4.2,30
6101031,Boa Ajaccio,41.75,7.58,2026-09-27T01:00:00Z,0.5,0.0,43,0.5,3.95,53
6101032,Boa Vecchio,41.6,10.19,2026-09-27T01:00:00Z,0.5,2.0,119,0.56,5.1,107
6101035,Boa Sardegna (Météo-France),40.49,6.72,2026-09-27T01:00:00Z,0.6,0.0,59,0.5,4.3,33
6101031,Boa Ajaccio,41.75,7.58,2026-09-27T02:00:00Z,0.5,0.0,45,0.46,3.9,55
6101032,Boa Vecchio,41.6,10.19,2026-09-27T02:00:00Z,0.5,1.0,123,0.54,5.0,108
6101035,Boa Sardegna (Météo-France),40.49,6.72,2026-09-27T02:00:00Z,0.7,2.0,47,0.52,4.3,34
6101032,Boa Vecchio,41.6,10.19,2026-09-27T03:00:00Z,0.4,2.0,118,0.52,4.85,108
6101035,Boa Sardegna (Météo-France),40.49,6.72,2026-09-27T03:00:00Z,0.4,2.0,118,0.52,4.3,36
6101031,Boa Ajaccio,41.75,7.58,2026-09-27T04:00:00Z,0.5,0.0,75,0.44,3.85,60
6101032,Boa Vecchio,41.6,10.19,2026-09-27T04:00:00Z,0.4,2.0,114,0.48,4.7,107
6101031,Boa Ajaccio,41.75,7.58,2026-09-27T05:00:00Z,0.5,0.0,104,0.42,3.8,62
6101032,Boa Vecchio,41.6,10.19,2026-09-27T05:00:00Z,0.4,1.0,87,0.46,4.55,106
6101035,Boa Sardegna (Météo-France),40.49,6.72,2026-09-27T05:00:00Z,0.6,0.0,52,0.54,4.25,37
6101031,Boa Ajaccio,41.75,7.58,2026-09-27T06:00:00Z,0.5,0.0,106,0.42,3.8,65
6101032,Boa Vecchio,41.6,10.19,2026-09-27T06:00:00Z,0.4,1.0,71,0.42,4.4,105
6101035,Boa Sardegna (Météo-France),40.49,6.72,2026-09-27T06:00:00Z,0.6,0.0,69,0.56,4.2,38
6101031,Boa Ajaccio,41.75,7.58,2026-09-27T07:00:00Z,0.5,0.0,104,0.42,3.75,68
6101032,Boa Vecchio,41.6,10.19,2026-09-27T07:00:00Z,0.4,1.0,78,0.4,4.3,105
6101035,Boa Sardegna (Météo-France),40.49,6.72,2026-09-27T07:00:00Z,0.5,0.0,76,0.56,4.2,38
6100023,Boa Bonifacio,41.325,8.8733,2026-09-27T08:00:00Z,0.3,,,0.34,3.1,90
6101032,Boa Vecchio,41.6,10.19,2026-09-27T08:00:00Z,0.4,1.0,73,0.36,4.2,105
6100023,Boa Bonifacio,41.325,8.8733,2026-09-27T09:00:00Z,0.3,,,0.34,3.0,89
6101031,Boa Ajaccio,41.75,7.58,2026-09-27T09:00:00Z,0.7,0.0,117,0.4,3.65,74
6100023,Boa Bonifacio,41.325,8.8733,2026-09-27T10:00:00Z,0.2,,,0.34,2.95,88
6101031,Boa Ajaccio,41.75,7.58,2026-09-27T10:00:00Z,0.6,0.0,120,0.4,3.6,77
6101032,Boa Vecchio,41.6,10.19,2026-09-27T10:00:00Z,0.3,0.0,59,0.32,4.05,105
6101035,Boa Sardegna (Météo-France),40.49,6.72,2026-09-27T10:00:00Z,0.5,1.0,55,0.5,4.2,40
6100023,Boa Bonifacio,41.325,8.8733,2026-09-27T11:00:00Z,0.2,,,0.34,2.9,88
6101031,Boa Ajaccio,41.75,7.58,2026-09-27T11:00:00Z,0.7,0.0,120,0.38,3.6,80
6101032,Boa Vecchio,41.6,10.19,2026-09-27T11:00:00Z,0.4,0.0,54,0.3,4.0,104
6101035,Boa Sardegna (Météo-France),40.49,6.72,2026-09-27T11:00:00Z,0.7,1.0,18,0.48,4.15,40
6100023,Boa Bonifacio,41.325,8.8733,2026-09-27T12:00:00Z,0.2,,,0.34,2.85,87
6101031,Boa Ajaccio,41.75,7.58,2026-09-27T12:00:00Z,0.6,0.0,118,0.38,3.55,83
6101032,Boa Vecchio,41.6,10.19,2026-09-27T12:00:00Z,0.4,0.0,78,0.28,3.95,104
6101035,Boa Sardegna (Météo-France),40.49,6.72,2026-09-27T12:00:00Z,0.4,0.0,78,0.44,4.1,41
6100023,Boa Bonifacio,41.325,8.8733,2026-09-27T13:00:00Z,0.3,,,0.34,2.85,86
6101031,Boa Ajaccio,41.75,7.58,2026-09-27T13:00:00Z,0.5,0.0,109,0.38,3.5,83
6101032,Boa Vecchio,41.6,10.19,2026-09-27T13:00:00Z,0.4,0.0,83,0.26,3.9,103
6101035,Boa Sardegna (Météo-France),40.49,6.72,2026-09-27T13:00:00Z,0.5,0.0,109,0.42,4.05,41
6100023,Boa Bonifacio,41.325,8.8733,2026-09-27T14:00:00Z,0.3,,,0.34,2.85,86
6101031,Boa Ajaccio,41.75,7.58,2026-09-27T14:00:00Z,0.5,0.0,98,0.36,3.5,84
6101032,Boa Vecchio,41.6,10.19,2026-09-27T14:00:00Z,0.3,0.0,80,0.26,3.85,103
6101035,Boa Sardegna (Météo-France),40.49,6.72,2026-09-27T14:00:00Z,0.5,0.0,20,0.4,4.0,40
6100023,Boa Bonifacio,41.325,8.8733,2026-09-27T15:00:00Z,0.4,,,0.34,2.85,85
6101031,Boa Ajaccio,41.75,7.58,2026-09-27T15:00:00Z,0.4,0.0,88,0.36,3.45,84
6101032,Boa Vecchio,41.6,10.19,2026-09-27T15:00:00Z,0.4,0.0,77,0.24,3.85,102
6101035,Boa Sardegna (Météo-France),40.49,6.72,2026-09-27T15:00:00Z,0.4,1.0,50,0.38,3.95,40
6100023,Boa Bonifacio,41.325,8.8733,2026-09-27T16:00:00Z,0.4,,,0.34,2.85,85
6101031,Boa Ajaccio,41.75,7.58,2026-09-27T16:00:00Z,0.4,0.0,50,0.34,3.45,80
6101032,Boa Vecchio,41.6,10.19,2026-09-27T16:00:00Z,0.4,0.0,73,0.24,3.85,104
6101035,Boa Sardegna (Météo-France),40.49,6.72,2026-09-27T16:00:00Z,0.5,0.0,31,0.36,3.9,41
6100023,Boa Bonifacio,41.325,8.8733,2026-09-27T17:00:00Z,0.4,,,0.32,2.8,85
6101035,Boa Sardegna (Météo-France),40.49,6.72,2026-09-27T17:00:00Z,0.5,0.0,52,0.34,3.8,41
6100023,Boa Bonifacio,41.325,8.8733,2026-09-27T18:00:00Z,0.3,,,0.32,2.8,85
6101031,Boa Ajaccio,41.75,7.58,2026-09-27T18:00:00Z,0.5,0.0,22,0.3,3.4,72
6101032,Boa Vecchio,41.6,10.19,2026-09-27T18:00:00Z,0.3,0.0,79,0.22,3.9,108
6100023,Boa Bonifacio,41.325,8.8733,2026-09-27T19:00:00Z,0.3,,,0.3,2.8,85
6101031,Boa Ajaccio,41.75,7.58,2026-09-27T19:00:00Z,0.4,0.0,17,0.28,3.4,66
6101032,Boa Vecchio,41.6,10.19,2026-09-27T19:00:00Z,0.3,0.0,97,0.24,4.05,110
6101035,Boa Sardegna (Météo-France),40.49,6.72,2026-09-27T19:00:00Z,0.4,0.0,58,0.3,3.7,42
6100023,Boa Bonifacio,41.325,8.8733,2026-09-27T20:00:00Z,0.3,,,0.3,2.75,85
6101031,Boa Ajaccio,41.75,7.58,2026-09-27T20:00:00Z,0.4,0.0,23,0.28,3.45,60
6101032,Boa Vecchio,41.6,10.19,2026-09-27T20:00:00Z,0.3,0.0,112,0.26,4.25,113
6101035,Boa Sardegna (Météo-France),40.49,6.72,2026-09-27T20:00:00Z,1.6,0.0,296,0.3,3.65,43
6100023,Boa Bonifacio,41.325,8.8733,2026-09-27T21:00:00Z,0.3,,,0.28,2.75,85
6101031,Boa Ajaccio,41.75,7.58,2026-09-27T21:00:00Z,0.4,0.0,23,0.26,3.45,54
6101032,Boa Vecchio,41.6,10.19,2026-09-27T21:00:00Z,0.4,2.0,121,0.28,4.4,115
6100023,Boa Bonifacio,41.325,8.8733,2026-09-27T22:00:00Z,0.3,,,0.26,2.75,85
6101031,Boa Ajaccio,41.75,7.58,2026-09-27T22:00:00Z,0.4,0.0,23,0.24,3.45,51
6101032,Boa Vecchio,41.6,10.19,2026-09-27T22:00:00Z,0.3,2.0,122,0.3,4.55,117
6101035,Boa Sardegna (Météo-France),40.49,6.72,2026-09-27T22:00:00Z,0.3,0.0,36,0.26,3.55,44
6100023,Boa Bonifacio,41.325,8.8733,2026-09-27T23:00:00Z,0.3,,,0.24,2.75,84
6101031,Boa Ajaccio,41.75,7.58,2026-09-27T23:00:00Z,0.4,0.0,20,0.24,3.45,48
6101032,Boa Vecchio,41.6,10.19,2026-09-27T23:00:00Z,0.3,1.0,120,0.3,4.65,118
6101035,Boa Sardegna (Météo-France),40.49,6.72,2026-09-27T23:00:00Z,0.5,1.0,53,0.26,3.55,45
6100023,Boa Bonifacio,41.325,8.8733,2026-09-28T00:00:00Z,0.3,,,0.22,2.75,84
6101031,Boa Ajaccio,41.75,7.58,2026-09-28T00:00:00Z,0.4,0.0,23,0.22,3.45,45
6101032,Boa Vecchio,41.6,10.19,2026-09-28T00:00:00Z,0.3,0.0,132,0.32,4.7,120
6101035,Boa Sardegna (Météo-France),40.49,6.72,2026-09-28T00:00:00Z,0.4,0.0,23,0.24,3.55,46
6100023,Boa Bonifacio,41.325,8.8733,2026-09-28T01:00:00Z,0.3,,,0.24,2.85,85
6101031,Boa Ajaccio,41.75,7.58,2026-09-28T01:00:00Z,0.4,0.0,31,0.22,3.45,44
6101032,Boa Vecchio,41.6,10.19,2026-09-28T01:00:00Z,0.3,0.0,138,0.32,4.7,120
6101035,Boa Sardegna (Météo-France),40.49,6.72,2026-09-28T01:00:00Z,0.4,0.0,31,0.24,3.55,58
6100023,Boa Bonifacio,41.325,8.8733,2026-09-28T02:00:00Z,0.3,,,0.24,2.95,86
6101031,Boa Ajaccio,41.75,7.58,2026-09-28T02:00:00Z,0.4,0.0,26,0.22,3.4,44
6101032,Boa Vecchio,41.6,10.19,2026-09-28T02:00:00Z,0.3,1.0,132,0.3,4.7,121
6100023,Boa Bonifacio,41.325,8.8733,2026-09-28T03:00:00Z,0.3,,,0.26,3.05,87
6101031,Boa Ajaccio,41.75,7.58,2026-09-28T03:00:00Z,0.3,0.0,26,0.22,3.4,43
6100023,Boa Bonifacio,41.325,8.8733,2026-09-28T04:00:00Z,0.3,,,0.26,3.05,87
6101032,Boa Vecchio,41.6,10.19,2026-09-28T04:00:00Z,0.3,1.0,132,0.28,4.65,122
6100023,Boa Bonifacio,41.325,8.8733,2026-09-28T05:00:00Z,0.4,,,0.24,3.0,87
6101031,Boa Ajaccio,41.75,7.58,2026-09-28T05:00:00Z,0.3,0.0,37,0.22,3.35,45
6101032,Boa Vecchio,41.6,10.19,2026-09-28T05:00:00Z,0.3,1.0,128,0.28,4.6,122
6100023,Boa Bonifacio,41.325,8.8733,2026-09-28T06:00:00Z,0.4,,,0.24,2.95,87
6101031,Boa Ajaccio,41.75,7.58,2026-09-28T06:00:00Z,0.3,0.0,59,0.22,3.35,46
6101032,Boa Vecchio,41.6,10.19,2026-09-28T06:00:00Z,0.3,1.0,125,0.26,4.55,123
6101035,Boa Sardegna (Météo-France),40.49,6.72,2026-09-28T06:00:00Z,0.4,0.0,91,0.32,3.8,154
6100023,Boa Bonifacio,41.325,8.8733,2026-09-28T07:00:00Z,0.4,,,0.28,2.8,86
6101031,Boa Ajaccio,41.75,7.58,2026-09-28T07:00:00Z,0.3,0.0,68,0.22,3.35,52
6101032,Boa Vecchio,41.6,10.19,2026-09-28T07:00:00Z,0.3,1.0,152,0.24,4.5,123
6101035,Boa Sardegna (Météo-France),40.49,6.72,2026-09-28T07:00:00Z,0.3,3.0,30,0.38,3.9,157
6100023,Boa Bonifacio,41.325,8.8733,2026-09-28T08:00:00Z,0.4,,,0.34,2.65,86
6100023,Boa Bonifacio,41.325,8.8733,2026-09-28T09:00:00Z,0.4,,,0.38,2.6,85
6101031,Boa Ajaccio,41.75,7.58,2026-09-28T09:00:00Z,0.3,0.0,102,0.22,3.3,65
6101032,Boa Vecchio,41.6,10.19,2026-09-28T09:00:00Z,0.2,0.0,139,0.22,4.3,122
6100023,Boa Bonifacio,41.325,8.8733,2026-09-28T10:00:00Z,0.5,,,0.44,2.7,84
6101031,Boa Ajaccio,41.75,7.58,2026-09-28T10:00:00Z,0.3,0.0,98,0.22,3.25,74
6101032,Boa Vecchio,41.6,10.19,2026-09-28T10:00:00Z,0.2,0.0,149,0.22,4.25,123
6101035,Boa Sardegna (Météo-France),40.49,6.72,2026-09-28T10:00:00Z,0.2,0.0,149,0.56,4.15,162
6100023,Boa Bonifacio,41.325,8.8733,2026-09-28T11:00:00Z,0.5,,,0.52,2.85,84
6101032,Boa Vecchio,41.6,10.19,2026-09-28T11:00:00Z,0.2,3.0,157,0.2,4.15,123
6100023,Boa Bonifacio,41.325,8.8733,2026-09-28T12:00:00Z,0.5,,,0.58,3.0,83
6101031,Boa Ajaccio,41.75,7.58,2026-09-28T12:00:00Z,0.3,0.0,107,0.22,3.2,93
6101032,Boa Vecchio,41.6,10.19,2026-09-28T12:00:00Z,0.2,0.0,161,0.2,4.1,124
6101035,Boa Sardegna (Météo-France),40.49,6.72,2026-09-28T12:00:00Z,0.3,0.0,107,0.66,4.4,161
6100023,Boa Bonifacio,41.325,8.8733,2026-09-28T13:00:00Z,0.6,,,0.62,3.1,83
6101031,Boa Ajaccio,41.75,7.58,2026-09-28T13:00:00Z,0.3,0.0,119,0.22,3.2,101
6101032,Boa Vecchio,41.6,10.19,2026-09-28T13:00:00Z,0.2,0.0,167,0.2,4.0,125
6101035,Boa Sardegna (Météo-France),40.49,6.72,2026-09-28T13:00:00Z,0.3,0.0,119,0.68,4.5,161
6100023,Boa Bonifacio,41.325,8.8733,2026-09-28T14:00:00Z,0.6,,,0.66,3.2,84
6101031,Boa Ajaccio,41.75,7.58,2026-09-28T14:00:00Z,0.3,0.0,120,0.22,3.2,109
6101032,Boa Vecchio,41.6,10.19,2026-09-28T14:00:00Z,0.2,0.0,177,0.18,3.95,126
6101035,Boa Sardegna (Météo-France),40.49,6.72,2026-09-28T14:00:00Z,0.2,0.0,46,0.72,4.65,160
6100023,Boa Bonifacio,41.325,8.8733,2026-09-28T15:00:00Z,0.6,,,0.7,3.3,84
6101031,Boa Ajaccio,41.75,7.58,2026-09-28T15:00:00Z,0.3,0.0,117,0.22,3.25,117
6101032,Boa Vecchio,41.6,10.19,2026-09-28T15:00:00Z,0.2,3.0,181,0.18,3.85,127
6101035,Boa Sardegna (Météo-France),40.49,6.72,2026-09-28T15:00:00Z,0.5,0.0,135,0.74,4.75,160
6100023,Boa Bonifacio,41.325,8.8733,2026-09-28T16:00:00Z,0.6,,,0.7,3.35,84
6101031,Boa Ajaccio,41.75,7.58,2026-09-28T16:00:00Z,0.3,0.0,109,0.24,3.35,124
6100023,Boa Bonifacio,41.325,8.8733,2026-09-28T17:00:00Z,0.6,,,0.72,3.4,85
6101031,Boa Ajaccio,41.75,7.58,2026-09-28T17:00:00Z,0.3,0.0,109,0.26,3.55,132
6101032,Boa Vecchio,41.6,10.19,2026-09-28T17:00:00Z,0.3,0.0,180,0.16,3.6,131
6100023,Boa Bonifacio,41.325,8.8733,2026-09-28T18:00:00Z,0.6,,,0.72,3.4,85
6101031,Boa Ajaccio,41.75,7.58,2026-09-28T18:00:00Z,0.3,0.0,120,0.28,3.75,139
6101032,Boa Vecchio,41.6,10.19,2026-09-28T18:00:00Z,0.3,0.0,179,0.14,3.5,133
6101035,Boa Sardegna (Météo-France),40.49,6.72,2026-09-28T18:00:00Z,0.2,0.0,32,0.8,5.15,159
6100023,Boa Bonifacio,41.325,8.8733,2026-09-28T19:00:00Z,0.7,,,0.72,3.45,85
6101031,Boa Ajaccio,41.75,7.58,2026-09-28T19:00:00Z,0.3,0.0,131,0.34,4.1,143
6101032,Boa Vecchio,41.6,10.19,2026-09-28T19:00:00Z,0.3,0.0,181,0.14,3.4,139
6101035,Boa Sardegna (Météo-France),40.49,6.72,2026-09-28T19:00:00Z,0.3,0.0,131,0.84,5.35,159
6100023,Boa Bonifacio,41.325,8.8733,2026-09-28T20:00:00Z,0.6,,,0.72,3.45,86
6101031,Boa Ajaccio,41.75,7.58,2026-09-28T20:00:00Z,0.4,0.0,143,0.42,4.5,146
6101032,Boa Vecchio,41.6,10.19,2026-09-28T20:00:00Z,0.3,3.0,189,0.14,3.25,144
6101035,Boa Sardegna (Météo-France),40.49,6.72,2026-09-28T20:00:00Z,0.2,0.0,30,0.9,5.55,158
6100023,Boa Bonifacio,41.325,8.8733,2026-09-28T21:00:00Z,0.6,,,0.72,3.45,86
6100023,Boa Bonifacio,41.325,8.8733,2026-09-28T22:00:00Z,0.5,,,0.68,3.4,87
6100023,Boa Bonifacio,41.325,8.8733,2026-09-28T23:00:00Z,0.6,,,0.64,3.35,87
6100023,Boa Bonifacio,41.325,8.8733,2026-09-29T00:00:00Z,0.6,3.0,,0.6,3.25,88
6100023,Boa Bonifacio,41.325,8.8733,2026-09-29T01:00:00Z,0.6,3.0,,0.56,3.2,88
6100023,Boa Bonifacio,41.325,8.8733,2026-09-29T02:00:00Z,0.5,3.0,,0.5,3.1,89
6100023,Boa Bonifacio,41.325,8.8733,2026-09-29T03:00:00Z,0.6,3.0,,0.46,3.05,89
6100023,Boa Bonifacio,41.325,8.8733,2026-09-29T04:00:00Z,0.5,3.1,,0.42,3.0,89
6100023,Boa Bonifacio,41.325,8.8733,2026-09-29T05:00:00Z,0.6,3.1,,0.38,2.95,90
6100023,Boa Bonifacio,41.325,8.8733,2026-09-29T06:00:00Z,0.6,3.1,,0.34,2.9,90
6100023,Boa Bonifacio,41.325,8.8733,2026-09-29T07:00:00Z,0.5,3.1,,0.32,2.85,90
